{"cameraMode":{"drawMode":0,"name":"Shaded","section":"Shading Mode"},"sceneLighting":true,"audioPlay":false,"sceneViewState":{"m_AlwaysRefresh":false,"showFog":true,"showSkybox":true,"showFlares":true,"showImageEffects":true,"showParticleSystems":true,"showVisualEffectGraphs":true,"m_FxEnabled":true},"in2DMode":false,"pivot":{"x":-10.562126159667969,"y":0.023587215691804887,"z":23.534229278564454},"rotation":{"x":-0.03399379551410675,"y":-0.9600350260734558,"z":0.07655542343854904,"w":-0.2670636773109436},"size":2.3488714694976808,"orthographic":false}