{"cameraMode":{"drawMode":0,"name":"Shaded","section":"Shading Mode"},"sceneLighting":true,"audioPlay":false,"sceneViewState":{"m_AlwaysRefresh":false,"showFog":true,"showSkybox":true,"showFlares":true,"showImageEffects":true,"showParticleSystems":true,"showVisualEffectGraphs":true,"m_FxEnabled":true},"in2DMode":false,"pivot":{"x":-0.5115517377853394,"y":-2.6073505878448488,"z":0.5123977065086365},"rotation":{"x":-0.4121541380882263,"y":0.0008422014070674777,"z":-0.0003471005766186863,"w":-0.9111348390579224},"size":29.791370391845704,"orthographic":false}